[{"model": "posts.group", "pk": 1, "fields": {"title": "Family", "slug": "Family", "description": "Группа"}}, {"model": "posts.post", "pk": 2, "fields": {"text": "Начинаю новую тетрадь дневника, послѣ почти мѣсячнаго промежутка, во время котораго я такъ много переиспыталъ, перечувствовалъ, что мнѣ не было времени думать и еще меньше записывать. — Съ Кавказа я пріѣхалъ въ Тулу, видѣлъ тетокъ, сестру, Валерьяна и узналъ о своемъ производствѣ. Всѣ 3 брата и Перфильевы пріѣхали ко мнѣ и увезли меня въ Москву. Изъ Москвы я проѣхалъ въ Покровское, тамъ простился съ т[етушкой] П[елагеей] И[льиничной], В[алерьяномъ], съ Машей и Сережей. Эти 2 прощанья — особенно послѣднее — были одни изъ счастливѣйшихъ минутъ въ моей жизни. Оттуда поѣхалъ къ Митинькѣ, который почти по моему совѣту бросилъ Москву, — и черезъ Полтаву, Кишиневъ и т. д. 3-го дня пріѣхалъ въ Букарестъ. Я былъ счастливъ все это время!\n\nСлужебное положеніе мое здѣсь неопредѣленно и я уже съ недѣлю снова сомнительно болѣнъ. — Неужели снова начнется для меня пора испытаній?!\n\nВпрочемъ я самъ виноватъ, счастіе избаловало меня: я опустился и во многомъ имѣю упрекнуть себя со дня выѣзда моего изъ Курска и до сей минуты. — Грустно убѣдиться, что я не умѣлъ переносить счастія также, какъ и не умѣлъ переносить несчастія. Нынче пойду къ командиру Дивизіи въ корпусной Штабъ, сдѣлаю кой какія покупки, погуляю, и прійду домой писать письма и обѣдать. Послѣ обѣда займусь чѣмъ нибудь и передъ вечеромъ поѣду въ баню. Вечеръ просижу дома и займусь Отрочествомъ.", "pub_date": "1854-03-14T00:00:00Z", "author": 2, "group": null, "image": ""}}, {"model": "posts.post", "pk": 3, "fields": {"text": "Ровно 3 мѣсяца промежутка. — 3 мѣсяца праздности и жизни, которой я не могу быть доволенъ. — Недѣли три я былъ у Шейдемана и жалѣю, что не остался. Съ офицерами бы я ладилъ, и съ батар[ейнымъ] команд[иромъ] умѣлъ бы устроиться. За то дурное общество и затаенная злоба отъ своего неблестящаго положенія хорошо бы подѣйствовали на меня. Я сердился бы, скучалъ, старался бы подняться морально надъ своимъ положеніемъ и сталъ бы лучше — работалъ бы. — Откомандированіе меня въ Штабъ пришло въ то самое время, когда я поссорился съ батарейнымъ командиромъ, и польстило моему тщеславію. — Болѣзнь моя, во время которой я не могъ даже вернуться на старую колею занятій и честнаго труда съ одной цѣлью добра, — доказала мнѣ, до какой степени я испортился. Чѣмъ выше я становлюсь въ общественномъ мнѣніи, тѣмъ ниже я становлюсь въ собственному Я имѣлъ нѣсколько разъ женщинъ, лгалъ, тщеславился и, что всего ужаснѣе, подъ огнемъ велъ себя не такъ, какъ надѣялся отъ самаго себя.____\n\nОсада Силистріи снята, я еще не былъ въ дѣлѣ, положеніе мое въ кругу товарищей и начальство хорошо, несмотря на остаток б[.....] и ранки, здоровье мое порядочно и въ моральномъ отношеніи я твердо рѣшился посвятить свою жизнь пользѣ ближняго. Въ послѣдній разъ говорю себѣ:\nЕжели пройдетъ 3 дня, во время которыхъ я ничего не сдѣлаю для пользы людей, я убью себя. —  Помоги мнѣ Господи._________\nДо обѣда пишу письма: Сережѣ и теткамъ, Волконской, ежели успѣю. Послѣ обѣда продолжаю записки Феерверкера. __________", "pub_date": "1854-06-15T00:00:00Z", "author": 2, "group": null, "image": ""}}, {"model": "posts.post", "pk": 4, "fields": {"text": "[Бухарест.] Во время перехода отъ Силистріи къ Маю я ѣздилъ въ Букарестъ. Я игралъ и принужденъ былъ занимать деньги. Положеніе унизительное для каждаго и для меня въ особенности. Написалъ письма: тетинькѣ, Митѣ, Некрасову и Оськѣ. — Всё еще не знаю, за что приняться, и поэтому ничего не дѣлаю. Кажется, что лучше всего работать за романомъ Р[усскаго] П[омѣщика].", "pub_date": "1854-06-23T00:00:00Z", "author": 2, "group": null, "image": ""}}, {"model": "posts.post", "pk": 5, "fields": {"text": "Съ утра сѣлъ за работу; но ничего не сдѣлалъ и радъ былъ, когда мнѣ пришолъ помѣшать Горчаковъ. Послѣ обѣда у Генер[ала] читалъ Беран[же], ѣздилъ къ Доктору, который объявилъ мнѣ, что мнѣ должно дѣлать операцію и лечиться мѣсяца полтора и болталъ до ночи съ Шубинымъ о нашемъ русскомъ рабствѣ. Правда, что рабство есть зло, но зло чрезвычайно милое. __________", "pub_date": "1854-06-24T00:00:00Z", "author": 2, "group": null, "image": ""}}, {"model": "posts.post", "pk": 6, "fields": {"text": "День ото дня откладывалъ операцію, ожидая перехода въ Букарестъ; a здѣсь откладывалъ, ожидая квартиры и Доктора. Въ Журжѣ были дѣла, въ кот[орыхъ] бы я могъ быть, ежели бы былъ здоровъ. Денегъ нѣтъ ни гроша и я долженъ. Валер[ьянъ] пишетъ въ письмѣ, кот[орое] я получилъ вчера, что ни лошадей, ни денегъ нѣтъ. — Намѣренъ лечиться серьезно. Мнѣ хочется пожить беззаботно и весело, не знаю, что выйдетъ изъ этаго желанія.", "pub_date": "1854-06-29T00:00:00Z", "author": 2, "group": null, "image": ""}}, {"model": "posts.post", "pk": 7, "fields": {"text": "Сегодня мнѣ сдѣлали операцію съ клороформомъ — я былъ малодушенъ. Ничего не дѣлалъ отъ невозможности. Есть надежда выздоровѣть. —", "pub_date": "1854-06-30T00:00:00Z", "author": 2, "group": null, "image": ""}}, {"model": "posts.post", "pk": 8, "fields": {"text": "Написалъ письмо Валерьяну и Оголину. Здоровье ни лучше, ни хуже, живу одинъ, читаю, но за работы не принимаюсь, хотя Зап[иски] Феер[веркера] сильно искушаютъ меня. ________", "pub_date": "1854-07-01T00:00:00Z", "author": 2, "group": null, "image": ""}}, {"model": "posts.post", "pk": 9, "fields": {"text": "Читалъ Gilbert и Gilberte. Здоровье все statu quo.\n\n— Зап[иски] Феер[веркера] все болѣе болѣе опредѣляются, нынче, 3-го І[юля], кажется, займусь.", "pub_date": "1854-07-02T00:00:00Z", "author": 2, "group": null, "image": ""}}, {"model": "posts.post", "pk": 10, "fields": {"text": "Цѣлый день читалъ, работа никакъ не хочетъ идти. Вечеромъ болталъ съ Пруш[инскимъ?], Олх[инымъ] и Антроп[овымъ]. Проигралъ глупо Пруш[инскому] porte-feuille Полинькинъ и несмотря на его отговорки от далъ ему. Невольно, какъ только я остаюсь одинъ и обдумываю самаго себя, я возвращаюсь къ прежней мысли — мысли объ усовершенствованіи; но главная моя ошибка — причина, по которой я не могъ спокойно идти по этой дорогѣ — та, что я усовершенствованіе смѣшивалъ съ совершенствомъ. Надо прежде понять хорошенько себя и свои недостатки и стараться исправлять ихъ, а не давать себѣ задачей — совершенство, котораго не только невозможно достигнуть съ той низкой точки, на которой я стою, но при пониманіи котораго пропадаетъ надежда на возможность достиженія. Тоже, что было со мной въ хозяйствѣ, въученьи, въ литературѣ, въ жизни. — Въ хозяйствѣ я хотѣлъ достигнуть совершенства и забывалъ, что прежде нужно было исправить несовершенства, которыхъ слишкомъ много, хотѣлъ правильнаго раздѣленія полей, когда мнѣ нечѣмъ было ихъ удабривать и сѣять. —\n\nНужно взять себя такимъ, какимъ есть, и исправимые недостатки стараться исправить, хорошая же натура поведетъ меня къ добру безъ книжки, которая столько времени была моимъ кошмаромъ. — Я одинъ изъ тѣхъ характеровъ, которые, желая, отъискивая и готовые на все прекрасное, неспособны именно по этому къ постоянно-хорошему.", "pub_date": "1854-07-03T00:00:00Z", "author": 2, "group": null, "image": ""}}, {"model": "posts.post", "pk": 11, "fields": {"text": "Главные мои недостатки. 1) Неосновательность (подъ этимъ я разумѣю: нерѣшительность, непостоянство и непослѣдовательность. 2) Непріятный тяжелый характеръ, раздражительность, излишнее самолюбіе, тщеславіе. 3) Привычка къ праздности. — Буду стараться постоянно наблюдать за этими 3 основными пороками и записывать всякій разъ, что буду впадать въ нихъ. — Уже нынче я спорилъ съ Антропов[ымъ] о томъ, должно ли или нѣтъ ему ѣхать въ Журжу, съ раздраж[ительностью] и излишнимъ самолюбіемъ. —\n\nЯ обѣдалъ дома довольно спокойно, хорошо и дешево. Бартоломей обѣщалъ было читать со мной Pictures from Italy, но бѣдняжка нашелъ, что это слышкомъ скучно, и поэтому мы сочли за лучшее болтать съ нимъ до поздняго вечера. — Онъ, кажется, добрый и съ хорошимъ направленіемъ мальчикъ; но молодъ.....\n\nЗдоровье мое какъ будто лучше, но боюсь еще вѣрить. — Былъ неосноват[еленъ] съ Новережскимъ, не кончивъ дѣла о рапортѣ; раздражителенъ съ Антроповымъ и — увы — опять лѣнился, ничего не сдѣлалъ, кромѣ этой страницы дневника. Получилъ письмо отъ тетки и Митиньки, на которое завтра надо будетъ отвѣтить. (3)", "pub_date": "1854-07-04T00:00:00Z", "author": 2, "group": null, "image": ""}}, {"model": "posts.post", "pk": 12, "fields": {"text": "Читалъ во время чаю, обѣда и десерта, утро же все писалъ одно письмо тетинькѣ, которое пошлю, несмотря на то, что французскій слогъ его мнѣ очень не нравится. — Миѣ со дня на день становится труднѣе объясняться и писать по французски, надо же эту глупую манеру писать и говорить на языкѣ, который плохо знаешь! — А сколько хлопотъ, потеряннаго времени, неясности въ мысляхъ и нечистоты въ природномъ языкѣ изъ за этой манеры, а необходимо!\n\nВечеромъ написалъ съ главу Зап[исокъ] Феерв[еркера] съ увлеченіемъ и порядочно. Олхинъ 2 раза былъ у меня, чего мнѣ совершенно ненужно записывать, потому что чудесныя выраженія глупости, которыя вырывались у него, я не запомню оттого, что запишу ихъ. — Поѣлъ фруктовъ, несмотря на поносъ, и поручилъ Олхину нанять фортепьяно, вотъ двѣ ошибки противъ основательности. Главный мой недостатокъ состоитъ въ недостаткѣ терпимости къ себѣ и другимъ. Это не правило, а мысль, которую почему не записать сюда. Она напомнить черезъ нѣсколько времени то моральное состоите, въ которомъ я находился 5-го Іюля 1854 года. (2)", "pub_date": "1854-07-05T00:00:00Z", "author": 2, "group": null, "image": ""}}, {"model": "posts.post", "pk": 13, "fields": {"text": "Цѣлый день читалъ то Лермонтова], то Гёте, то Alphonse Karr’a и не могъ приняться за дѣло. — Какъ я не говорю, что я не честолюбивъ, и сколько ни стараюсь быть искреннимъ въ этомъ, le bout de l’oreille se montre malgré moi.\n\nМнѣ непріятно было узнать сегодня, что Осипъ Сержпут[овскій] контуженъ и о немъ донесено: Государю. Зависть.... и изъ за какой пошлости и къ какой дряни!\n\nНынче весь день былъ день непріятныхъ воспоминаній. То воспоминаніе о долгѣ Зубкову мучало меня. (Насчетъ его я было раздумалъ переходъ въ конную артиллерію, по потомъ рѣшился, оставивъ дѣло, какъ есть, ждать до 55-го года.) То воспоминаніе о томъ, что я будто слишкомъ много позволялъ своему Генералу, мучало меня. Обдумавъ хорошенько, выходить напротивъ, что я слишкомъ много себѣ позволялъ съ нимъ. — Чтобы естественно быть гордымъ (fier) надо или быть дуракомъ (чѣмъ я не могу быть), или быть довольнымъ собою, за чѣмъ я не былъ со времени своего пріѣзда въ армію. За нынѣшній [день] 2 упрека я могу и долженъ себѣ сдѣлать: 1) непростительная цѣлый день лѣнь и слѣдствіе ея — праздность и 2) просьба къ (Олхину о фортепьяно, на что у меня нѣтъ достаточно денегъ.) (1)", "pub_date": "1854-07-06T00:00:00Z", "author": 2, "group": null, "image": ""}}, {"model": "posts.post", "pk": 14, "fields": {"text": "Скромности у меня нѣтъ! вотъ мой большой недостатокъ. —\n\nЧто я такое? Одинъ изъ 4-хъ сыновей отставнаго Подполковника, оставшійся съ 7 лѣтняго возраста безъ родителей подъ опекой женщинъ и постороннихъ, не получившій ни свѣтскаго, ни ученаго образованія и вышедшій на волю 17-ти лѣтъ, безъ большого состоянія, безъ всякаго общественнаго положенія и, главное, безъ правилъ; человѣкъ, разстроившій свои дѣла до послѣдней крайности, безъ цѣли и наслажденія проведшій лучшія года своей жизни, наконецъ изгнавшій себя на Кавказъ, чтобъ бѣжать отъ долговъ и, главное, привычекъ, а оттуда, придравшись къ какимъ-то связямъ, существовавшимъ между его отцомъ и Командующимъ арміей, перешедшій въ Дунайскую армію 26 лѣтъ, прапорщикомъ, почти безъ средствъ кромѣ жалованья (потому что тѣ средства, которыя у него есть, онъ долженъ употребить на уплату оставшихся долговъ), безъ покровителей, безъ умѣнья жить въ свѣтѣ, безъ знанія службы, безъ практическихъ способностей; но — съ огромнымъ самолюбіемъ! Да, вотъ мое общественное положеніе. Посмотримъ, что такое моя личность. —\n\nЯ дуренъ собой, неловокъ, нечистоплотенъ и свѣтски необразованъ. — Я раздражителенъ, скученъ для другихъ, нескроменъ, нетерпимъ (intolérant) и стыдливъ, какъ ребенокъ. — Я почти невѣжда. Что я знаю, тому я выучился кое какъ самъ, урывками, безъ связи, безъ толку и то такъ мало. — Я невоздерженъ, нерѣшителенъ, непостояненъ, глупо-тщеславенъ и пылокъ, какъ всѣ безхарактерные люди. Я не храбръ. Я неакуратенъ въ жизни и такъ лѣнивъ, что праздность сдѣлалась для меня почти неодолимой привычкой. — Я уменъ, но умъ мой еще никогда ни на чемъ не былъ основательно испытанъ. У меня нѣтъ ни ума практическаго, ни ума свѣтскаго, ни ума дѣловаго. — Я честенъ, т. е. я люблю добро, сдѣлалъ привычку любить его; и когда отклоняюсь отъ него, бываю недоволенъ собой и возвращаюсь къ нему съ удовольствіемъ; но есть вещи, который я люблю больше добра — славу. Я такъ честолюбивъ и такъ мало чувство это было удовлетворено, что часто, боюсь, я могу выбрать между славой и добродѣтелыо первую, ежели бы мнѣ пришлось выбирать изъ нихъ. ______________\n\nДа, я не скроменъ; оттого то я гордъ въ самомъ себѣ, а стыдливъ и робокъ въ свѣтѣ. ______________\n\nУтромъ писалъ эту страницу и читалъ Louis Philipp’a. Послѣ обѣда уже очень поздно началъ писать 3[аписки] Ф[еерверкера] и до вечера написалъ довольно много несмотря на то, что у меня были Олхинъ и Андроповъ. Послѣ ухода Андроп[ова] ю я облокотился на балконъ и глядѣлъ на свой любимый фонарь, который такъ славно свѣтитъ сквозь дерево. Притомъ же послѣ нѣсколькихъ грозовыхъ тучь, которыя проходили и мочили нынче землю, осталась одна большая, закрывавшая всю южную часть неба и какая-то пріятная легкость и влажность въ воздухѣ.\n\nХозяйская хорошенькая дочка также, какъ я, лежала въ своемъ окнѣ, облокотившись на локти. По улицѣ прошла шарманка, и когда звуки добраго стариннаго вальса, удаляясь все больше и больше, стихли совершенно, дѣвочка до глубины души вздохнула, приподнялась и быстро отошла отъ окошка. Мнѣ стало такъ грустно — хорошо, что я невольно улыбнулся и долго еще смотрѣлъ на свой фонарь, свѣтъ котораго заслоняли иногда качаемыя вѣтромъ вѣтви дерева, на дерево, на заборъ, на небо, и все это мнѣ казалось еще лучше, чѣмъ прежде. —\n\nЯ долженъ упрекнуть себя нынче въ 3-хъ неосновательностяхъ: 1) что я забылъ о фортепьянахъ, 2) не позаботился о рапортѣ перевода и 3) что я ѣлъ боршъ съ поносомъ, который все усиливается. (3)", "pub_date": "1854-07-07T00:00:00Z", "author": 2, "group": null, "image": ""}}, {"model": "posts.post", "pk": 15, "fields": {"text": "Утромъ читалъ и писалъ немного. Вечеромъ побольше, но все не только безъ увлеченія, но съ какою-то непреодолимой лѣнью. Рѣшился не брать фортепьянъ и отвѣтилъ Олхину, что у меня денегъ нѣтъ, чѣмъ онъ вѣрно обидѣлся, тѣмъ болѣе, что я подписалъ просто «весь вашъ». Открылъ я нынче еще поэтическую вещь въ Лермантовѣ и Пушкинѣ; въ первомъ Умирающій гладіаторъ. (Эта предсмертная мечта о домѣ удивительно хороша) и во второмъ Янко Марнавичь, который убилъ нечаянно своего друга. Помолившись усердно и долго въ Церкви, онъ пришелъ домой и легъ на постель. Потомъ онъ спросилъ у женѣ, не видитъ ли она чего нибудь въ окнѣ, она отвѣчала, что нѣтъ. Онъ еще разъ спросилъ, тогда жена сказала, что видитъ за рѣкой огонекъ; когда онъ въ третій разъ спросилъ, жена сказала, что видитъ — огонекъ сталъ побольше и приближается. Онъ умеръ. — Это восхитительно! А отчего? Подите объясняйте послѣ этаго поэтическое чувство. —", "pub_date": "1854-07-08T00:00:00Z", "author": 2, "group": null, "image": ""}}, {"model": "posts.post", "pk": 16, "fields": {"text": "Утро и цѣлый день провелъ, то пиша З[аписки] Ф[еерверкера], которыя, между прочимъ, кончилъ, но которыми такъ не доволенъ, что едва ли не придется передѣлать все за ново или вовсе бросить, но бросить не однѣ З[аписки] Ф[еерверкера], но бросить все литераторство; потому что ежели вещь, казавшаяся превосходною въ мысли — выходитъ ничтожна на дѣлѣ, то тотъ, который взялся за нее, не имѣетъ таланта. То читалъ Гёте, Лермонтова и Пушкина. Перваго я плохо понимаю, да и не могу, какъ ни стараюсь, перестать видѣть смѣшное (du ridicule) въ нѣмецкомъ языкѣ. Во второмъ я нашелъ начало Измаилъ-бея весьма хорошимъ. Можетъ быть это показалось мнѣ болѣе потому, что я начинаю любить Кавказъ, хотя посмертной, но сильной любовью. Дѣйствительно хорошъ этотъ край дикой, въ которомъ такъ странно и поэтически соединяются двѣ самыя противуположныя вещи — война и свобода. — Въ Пушкинѣ же меня поразили Цыгане, которыхъ, странно, я не понималъ до сихъ поръ.\nДевизою моего дневника должно быть «non ad probandum, sed ad narrandum».", "pub_date": "1854-07-09T00:00:00Z", "author": 2, "group": null, "image": ""}}, {"model": "posts.post", "pk": 17, "fields": {"text": "Писать не хочется, а я сказалъ уже, что принуждать себя ни къ чему не намѣренъ par parti pris. — Поэтому скажу только, что читалъ Лафонтена и Гёте, котораго начинаю день ото дню понимать лучше, и писалъ на бѣло З[аписки] Ф[еерверкера] очень мало и лѣниво, за что и дѣлаю себѣ упрекъ. (1)", "pub_date": "1854-07-10T00:00:00Z", "author": 2, "group": null, "image": ""}}, {"model": "posts.post", "pk": 18, "fields": {"text": "Перечитывалъ Героя нашего времени, читалъ Гёте и только передъ вечеромъ написалъ очень мало. Почему? Лѣнь, нерѣшительность и страсть смотрѣть свои усы и фистулы. За что и дѣлаю себѣ 2 упрека. Нынче Бабарыкину, который былъ тутъ и ѣдетъ къ Генералу, поручилъ свой рапортъ о переводѣ. Еще упрекъ за то, что посмѣялся надъ Олхинымъ при Бабарыкинѣ. (3)", "pub_date": "1854-07-11T00:00:00Z", "author": 2, "group": null, "image": ""}}, {"model": "posts.post", "pk": 19, "fields": {"text": "Утромъ Олхинъ пришелъ мнѣ объявить, что онъ ѣдетъ въ Леово, и хотѣлъ поручить своихъ лошадей и вещи, отъ чего я невольно отдѣлался, сказавъ ему, что у меня нѣтъ денегъ. — Въ самомъ дѣлѣ я опять въ самомъ затруднительномъ денежномъ положеніи: ни копейки, по крайней мѣрѣ до половины Августа, не предвидится ни откуда, исключая фуражныхъ, и долженъ Доктору. Не предвидится, я говорю, потому что нынче получилъ Современникъ и убѣжденъ, что рукописи мои сидятъ гдѣ нибудь въ таможнѣ. Это дѣло я разъясню, какъ выздоровлю. Вечеромъ я имѣлъ случай испытать воображаемость своего перерожденія къ веселой жизни. Хозяйская прехорошенькая замужняя дочь, которая безъ памяти глупо кокетничала со мной, подѣйствовала на меня — какъ я ни принуждалъ себя — какъ и в старину, т. е. я страдалъ ужасно отъ стыдливости.\n\nНынче въ разговорѣ съ Докторомъ изчезъ глупый — и несправедливый взглядъ, который я имѣлъ на Валаховъ — взглядъ, общій всей арміи и заимствованный мной отъ дураковъ, съ которыми я до сихъ поръ водился. — Судьба этаго народа мила и печальна. Читалъ я нынче и Гёте и Лермантова драму, въ которой нашелъ много новаго, хорошаго, и Холодный домъ Дикенса. Вотъ ужъ 2-й день, что я покушаюсь сочинять стихи. Посмотримъ, что изъ этаго выйдетъ. —\n\nУпрекнуть долженъ себя нынче только за лѣнь, хотя писалъ и обдумалъ впередъ много хорошаго, но слишкомъ мало и лѣниво. (1)", "pub_date": "1854-07-11T00:00:00Z", "author": 2, "group": null, "image": ""}}, {"model": "posts.post", "pk": 20, "fields": {"text": "Съ утра чувствовалъ въ головѣ тяжесть и не могъ преодолѣть себя, чтобы заниматься. Весь день читалъ Современникъ. Эсфирь (Холодный домъ) говоритъ, что дѣтская молитва ея состояла въ обѣщаніи, которое она дала Богу 1) всегда быть трудолюбивой, 2) чистосердечной, 3) довольной и 4) стараться снискивать любовь всѣхъ окружающихъ ее.\n\nКакъ просты, какъ милы, удобоисполнимы и велики эти 4 правила. Вечеромъ позвалъ къ себѣ Антропова, чтобы взять денегъ, и спорилъ съ нимъ, т. е. присутствіе его возбуждало мои мысли. Я люблю это, хотя къ этому примѣшивается всегда непріятное и дурное чувство, что онъ не можетъ оцѣнить моихъ мыслей. Зашелъ и Шубинъ съ своимъ тщеславно униженнымъ лицомъ и взглядомъ на вещи. За что я это написалъ? Не знаю. — Упрекаю себя за лѣнь. (1)", "pub_date": "1854-07-12T00:00:00Z", "author": 2, "group": null, "image": ""}}, {"model": "posts.post", "pk": 21, "fields": {"text": "Моя молитва. «Вѣрую во единаго всемогущаго и добраго Бога, въ безсмертіе души и въ вѣчное возмездіе по дѣламъ нашимъ; желаю вѣровать въ религію отцовъ моихъ и уважаю ее». ——\n\n«Отче нашъ» и т. д. «За упокой и за спасеніе род[ителей]». «Благодарю тебя, Господи за милости Твои, за то... за то и за то. (При этомъ вспомни все, что было для тебя счастливаго.) Прошу, внуши мнѣ благія предпріятія и мысли, и дай мнѣ счастія и успѣха въ нихъ. — Помоги мнѣ исправляться отъ пороковъ моихъ; избави меня отъ болѣзней, страданій, ссоръ, долговъ и униженій. —\n\nДаруй мнѣ въ твердой вѣрѣ и надеждѣ на Тебя, въ любви къ другимъ и отъ другихъ съ спокойной совѣстью и пользой для ближняго жить и умереть. Даруй мнѣ творить добро и избѣгать зла; но будетъ со мной добро или зло, да будетъ пресвятая воля твоя! Даруй мнѣ добра, истиннаго! Г[оспо]ди помилуй! Г[оспо]ди помилуй, Г[оспо]ди помилуй! —\n\nУтро очень позднее, потому что всталъ въ 10, читалъ о Черногоріи, писалъ немного и болталъ съ товарищами, которые зашли ко мнѣ. Послѣ обѣда долженъ былъ принуждать себя, чтобы написать немного и не отчетливо. Часовъ въ 9 пріѣхалъ Бартоломей, съ нимъ я выѣхалъ въ первый разъ, былъ въ Херестреу и болталъ до 12. Могъ бы упрекнуть себя за лѣнь, но принявъ во вниманіе стараніе и болѣзнь — прощаю, но —подлость, когда я попросилъ Доктора разрѣзать мнѣ дырочку и потомъ испугался и просилъ отложить, стоитъ палокъ, плетей. (1)", "pub_date": "1854-07-13T00:00:00Z", "author": 2, "group": null, "image": ""}}, {"model": "posts.post", "pk": 22, "fields": {"text": "Утромъ, кромѣ обыкновенная чтенія Гёте и подвертывавшихся книжонокъ, написалъ Жданова, но насчетъ личности Велинчука все еще не рѣшился. — Нынче опять рѣзали мнѣ пахъ и опять я принималъ клороформъ. Впечатлѣніе было ужъ не такъ непріятно, но такъ странно — я слышалъ звонъ инструментовъ, но не слыхалъ боли. Вечеръ сидѣли у меня Новережскій, Шубинъ и Антроповъ. Получилъ письмо отъ старосты: Цвѣтковъ Терентій и 2 дворовые пойдутъ въ рекр[уты], выборъ хорошъ. Старый Башибузукъ непремѣнно хочетъ, прежде чѣмъ пустить въ ходъ мой переводъ, извѣстить о томъ Князя. Не подумать ли мнѣ о этомъ переводѣ? Можетъ быть я не переработаю свой характеръ, a сдѣлаю только одну и важную глупость изъ желанія переработать его. Есть-ли нерѣшительность капитальной недостатокъ — такой, отъ котораго нужно исправляться? Не есть ли два рода характеровъ одинаково достойные: одни рѣшительные, другіе обдуманные? Не принадлежу [ли] я къ послѣднимъ? И желаніе мое исправиться не есть ли желаніе быть тѣмъ, чѣмъ я не есмь, какъ говоритъ A[lphonse] Karr. Мнѣ кажется, что это правда. Есть недостатки болѣе положительныя (абсолютныя), какъ то лѣнь, ложь, раздражительность, эгоизмъ, которыя всегда недостатки. —————", "pub_date": "1854-07-14T00:00:00Z", "author": 2, "group": null, "image": ""}}, {"model": "posts.post", "pk": 23, "fields": {"text": "Рано нынче разбудилъ меня Докторъ, и благодаря этому случаю, я написалъ въ утро довольно много — все передѣлывалъ старое — описаніе солдатъ. — Вечеромъ тоже пописалъ немного и читалъ Verschwörung von Viesko. Я начинаю понимать драму вообще. Хотя въ этомъ я иду совершенно противуположнымъ путемъ большинству, я доволенъ этимъ какъ средствомъ, дающимъ мнѣ новое поэтическое наслажденіе. Послѣ чая зашелъ ко мнѣ Шубинъ, Тишкевичъ и Вержбицкій, который много интереснаго мнѣ прекрасно разсказывалъ про дѣло подъ Слободзеей. Я очень недоволенъ собой, первое за то, что срывалъ цѣлый день прыщи, которыми у меня покрыто лицо и тѣло и носъ, что начинаетъ мучить меня, и второе, за глупое бѣшенство, которое вдругъ напало на меня за обѣдомъ на Алешку. (2) ————————————————", "pub_date": "1854-07-15T00:00:00Z", "author": 2, "group": null, "image": ""}}, {"model": "posts.post", "pk": 24, "fields": {"text": "Съ 10 часовъ до 2 писалъ пристально и окончилъ описаніе солдатъ; за то дальше идетъ туго. Былъ вечеромъ у меня Д. Горчаковъ, и дружба, которую онъ показалъ мнѣ, произвела это славное замираніе сердца, которое производитъ во мнѣ истинное чувство и котораго я давно не испытывалъ. Потомъ заѣхалъ Бартоломей, и я вѣрно обидѣлъ его немного тѣмъ, что сказалъ, что у него дурной выговоръ. Пора мнѣ перестать водиться съ молодежью, хотя я никогда и не водился съ ней хорошенько, какъ другіе; но дѣло въ томъ, что теперь мнѣ легче и пріятнѣе быть съ стариками, чѣмъ съ очень молодыми людьми. Здоровье такъ сякъ. Забылъ записать что-то хорошее или важное — не помню. Упрекаю себя нынче только за Бартоломея. ——————", "pub_date": "1854-07-16T00:00:00Z", "author": 2, "group": null, "image": ""}}, {"model": "posts.post", "pk": 25, "fields": {"text": "Обѣдъ мой не удался: ни Горчаковъ, ни Докторъ не могли быть. Одинъ Бартоломей ѣлъ моего поросенка и восхищался Шиллеромъ. — До обѣда читалъ, послѣ обѣда читалъ и — странная вещь — заснулъ до 8 часовъ, такъ что цѣлый день ничего не сдѣлалъ. — Новережскій привезъ мнѣ 45 р., изъ кот[орыхъ] я намѣренъ дать 40 доктору, а на остальные, призанявши еще у Горчакова, ѣхать въ Бузео и тамъ ожидать Штаба и выздоровленія. — Много нынче заслужилъ я упрековъ. 1) За глупую фантазію и, главное, — неисполненную фантазію покупать лошадь у Николаева, и 2) за цѣлый день безъ дѣла. (2)", "pub_date": "1854-07-18T00:00:00Z", "author": 2, "group": null, "image": ""}}, {"model": "posts.post", "pk": 26, "fields": {"text": "Вчера утро читалъ и сбирал[ся] къ отъѣзду. Вечеромъ выѣхалъ самымъ безалабернымъ и нерѣшительнымъ образомъ съ Малышевымъ въ Мара-Домняска, гдѣ и пробылъ нынѣшній день. За эти оба дня упрекаю себя 1) за нерѣшительность при выѣздѣ, 2) за раздражительность вчера утромъ съ Алешкой и 3) немножко за лѣнь вчера. — (3)", "pub_date": "1854-07-20T00:00:00Z", "author": 2, "group": null, "image": ""}}, {"model": "posts.post", "pk": 27, "fields": {"text": "[Синешти.] Рано утромъ меня разбудили и повезли въ Синешти. Вообще недоволенъ я сегодничнымъ днемъ. — Почему-то — не отъ лѣни, а за занятіями ѣдой и палаткой, не было какъ-тο время. — Я ровно ничего не дѣлалъ, даже не читалъ. — Стою и завелъ артель съ немножко не порядочными людьми и, признаюсь, иногда жалѣю, что не въ той артели. Однако, кромѣ того, что это дастъ мнѣ время заниматься, я доволенъ и тѣмъ, что веду себя хорошо — не отталкиваю и не схожусь слишкомъ близко. Глупый старикъ опять разсердилъ меня своей манерой не кланяться. Надо будетъ дать ему шикнотку. Вчера забылъ записать удовольствіе, которое мнѣ доставилъ Шиллеръ своимъ Рудольфомъ Габсбургскимъ и нѣкоторыми мѣлкими философскими стихотвореніями. Прелестна простота, картинность и правдоподобная тихая поэзія въ первомъ. Во второмъ-же поразила меня, записалась въ душѣ, какъ говоритъ Бартоломей, мысль, что, чтобы сдѣлать что нибудь великое, нужно всѣ силы души устремить на одну точку. —\nУпреки 1) за невоздержность и нерѣшительность въ томъ, что я ѣлъ сыръ, и 2) праздность цѣлаго дня, особенно ежели я хоть немного не поработаю теперь. (2)", "pub_date": "1854-07-21T00:00:00Z", "author": 2, "group": null, "image": ""}}, {"model": "posts.post", "pk": 28, "fields": {"text": "Опять переходъ, несмотря на который я бы былъ доволенъ сегодничнымъ днемъ, ежели-бы не глупое требованіе Кыржановскаго, чтобы я ѣхалъ въ Леово. Я ходилъ къ нему утромъ и имѣлъ слабость и глупость не разбудить его; потомъ заснулъ, пообѣдалъ и написалъ немного. Здоровье хорошо и завтра являюсь къ обоимъ Начальникамъ и подаю оба рапорта. — Упрекъ за нерѣшительность съ Крыжанов[скимъ]. (1)", "pub_date": "1854-07-22T00:00:00Z", "author": 2, "group": null, "image": ""}}, {"model": "posts.post", "pk": 29, "fields": {"text": "Нынче съ утра ходилъ объясняться и являться къ начальству. Вышло, что Крыжановскій сказалъ, чтобы я ѣхалъ въ батарею. Тишкевичъ насплетничалъ мнѣ это, и я шелъ къ Крыж[ановскому] съ дрожащими губами. Но несмотря на всю злобу, я былъ слабъ и позволилъ замаслить это дѣло. Остальное время дня читалъ хорошенькую повѣсть Бернара и написалъ письмо Валерьяну. Меньше, чѣмъ когда, я съ дня своего выздоровленія чувствую себя способнымъ къ общежитію и равнодушно-веселому взгляду на жизнь. Подалъ другой рапортъ о переводѣ.\n\nУпрекаю себя за лѣнь. Въ цѣлый день ровно ничего не сдѣлалъ. ————— (1)", "pub_date": "1854-07-23T00:00:00Z", "author": 2, "group": null, "image": ""}}, {"model": "posts.post", "pk": 30, "fields": {"text": "[Курешти?] Утромъ Новережскій съ подтянутой мордой принесъ мнѣ назадъ мой рапортъ съ надписью Крыжановскаго. Всѣ эти мѣлкія непріятности такъ меня разстроили, что я рѣшительно цѣлый день былъ самъ не свой, лѣнивъ, апатиченъ, не въ состояніи ни за что приняться, съ людьми молчаливъ, стыдливъ до поту. Я это испыталъ у Бабарыкина, сначала съ Зыбинымъ, Фриде и Балюзекъ, а вечеромъ съ Крыжановскимъ и Сталыпинымъ. Я слишкомъ честенъ для отношеній съ этими людьми. — Странно, что только теперь я замѣтилъ одинъ изъ своихъ важныхъ недостатковъ: оскорбительную и возбуждающую въ другихъ зависть — наклонность выставлять всѣ свои преимущества. Чтобы внушить любовь къ себѣ, напротивъ, нужно скрывать все то, чѣмъ выходишь изъ общаго разряда. Поздно я понялъ это. Не буду подавать рапорта, пока не буду въ состоянии завести лошадей, и употреблю всѣ средства для этаго. Пока не буду ни съ кѣмъ имѣть другихъ отношеній, какъ по службѣ. — Упрекаю себя за лѣнь. ——— (1)", "pub_date": "1854-07-24T00:00:00Z", "author": 2, "group": null, "image": ""}}, {"model": "posts.post", "pk": 31, "fields": {"text": "Рано выступили изъ Курешти и всю дорогу я ужасно мучался, какъ физически — лицо у меня страшно горѣло и выметало, — такъ и морально. Такъ называемые аристократы возбуждаютъ во мнѣ зависть. Я неисправимо мелоченъ и завистливъ.\n\nПослѣ обѣда я зашелъ къ старику и засталъ у него кампанію Адъют[антовъ] Фельдм[аршала], въ которой мнѣ было невыносимо тяжело. Потомъ Салтыковъ, когда я 3-й разъ вспоминалъ, гдѣ мы съ нимъ видѣлись, сказалъ мнѣ, что «это было тогда, когда мы съ вами дни проводили вмѣстѣ». Это никогда не было. И это было для меня во время безсонной ночи, которую я проводилъ нынче, однимъ изъ тѣхъ воспоминаній, при кот[орыхъ] вскрикиваешь. Вечеромъ съ Ферзеномъ я зашелъ къ нимъ и, не говоря уже про Сухтелена, котораго я долженъ былъ заставить поклониться мнѣ, веселый Корсаковъ, который славно поетъ цыганскія пѣсни, навелъ на меня ужасную тоску и зависть. Въ заключеніи всего, я даже съ Тышкевичемъ такъ жолчно заспорилъ о какой-то глупости, что оскорбилъ его. Какой это ничтожный человѣкъ! подумали бы тѣ, кот[орые] прочли бы эту страницу. — «Несчастный, испорченный нравъ!!» И неужели нельзя поправить его? Найдти зло, говорятъ, уже есть половина дороги къ исправленію. Сколько времени и искренно я бьюсь изъ за этаго и все тщетно. Быть всегда довольнымъ, скромнымъ и трудолюбивымъ, вотъ чудныя правила! Коли бы я могъ слѣдовать имъ! Пора бы отчаяться въ исправленіи, а я все надѣюсь, все стараюсь.\n\nУпрекаю себя 1) за лѣнь, 2) за двоякую нескромность, совершенно противуположную съ Адъ[ютантами] Ф[ельдмаршала] и съ Тышкевичемъ.", "pub_date": "1854-07-25T00:00:00Z", "author": 2, "group": null, "image": ""}}, {"model": "posts.post", "pk": 32, "fields": {"text": "[Бузео.] Опять переходъ — до Бузео. Баши-бузуки — какъ нарочно, согласились быть особенно милыми, но во мнѣ было слишкомъ много жолчи. Я дичился. И опять оскорбилъ Тышкевича. — Вообще рѣдко помню, чтобы я, во всѣхъ отношеніяхъ, былъ въ такомъ ужасномъ положеніи, какъ теперь. Болѣнъ, раздраженъ, совершенно одинокъ, — я всѣмъ съумѣлъ опротивѣть, — въ самомъ нерѣшительномъ и дурномъ служебномъ положеніи и безъ денегъ. — Нужно выйдти изъ этаго положенія. — Лечиться пристальнѣе, перетерпѣть непріятность новаго сближенія съ товарищами. Объясниться о службѣ съ Генераломъ или Крыжановскимъ и достать денегъ. Упрекаю 1) за лѣнь, 2) за нескромность съ Сухтеленомъ и съ Тышкевичемъ и 3) за необдуманность, недовольство и нерѣшительность къ исправленію своего положенія. ————————— (4)", "pub_date": "1854-07-26T00:00:00Z", "author": 2, "group": null, "image": ""}}, {"model": "posts.post", "pk": 33, "fields": {"text": "Цѣлый день пробылъ на мѣстѣ, ни съ кѣмъ не видѣлся, кромѣ Тишкевича и Адъютантовъ, которые всѣ, какъ мнѣ кажется, дичатся меня, какъ disgracié.\n\nСмѣшно! Я доволенъ своимъ днемъ, ежели бы не лѣнь и не 2 дѣвки у хозяйки, которымъ я не могъ рѣшиться слова сказать и два часа ходилъ около дома. Кое какія мысли приходили въ голову, но я чувствую, какъ память притупляется, любовь и уваженіе и довѣріе къ уму исчезаютъ и я падаю въ мірѣ идеальномъ, не подвигаясь вслѣдствіе этого — какъ бы это должно было быть — въ мірѣ практическом. Именно одна изъ мыслей, по случаю которой мнѣ пришло въ голову это разсужденіе, было то, что — снискивать любовь ближняго напрасно. У Дик[енса] стоитъ наравнѣ съ другими правилами; это не можетъ быть правиломъ основнымъ, потому что оно сложно и состоитъ изъ многихъ. — А впрочемъ, несмотря на это, оно понятнѣе, всегда памятнѣе и какъ то ближе сердцу, чѣмъ другія правила основныя, какъ быть скромнымъ, довольнымъ, чистосердечнымъ.\n\nУпрекаю себя нынче 1) за праздность; потому что нынѣшній день, сколько бы я не старался оправдать себя, одинъ изъ тѣхъ, въ которыхъ, я долженъ признаться, я ровно ничего не сдѣлалъ. — Не оставилъ по себѣ никакого слѣда, и 2) за ребяческую нерѣшительность съ дѣвками. —————— (2)", "pub_date": "1854-07-27T00:00:00Z", "author": 2, "group": null, "image": ""}}, {"model": "posts.post", "pk": 34, "fields": {"text": "Пишу въ самомъ пріятномъ веселомъ расположеніи духа, въ которомъ я провелъ весь вечеръ. Утро читалъ, объѣдался грушами и вмѣсто обѣда ѣлъ сыръ. Несмотря на кутежи у Сталыпина и Сержпутовскаго по случаю полученія наградъ, не завидовалъ, а провелъ день весело. Вечеромъ хватилъ босонож[ку] и выпилъ бокала два шампанскаго съ Шварц[емъ], Вейлеровскимъ [?] и Гембичомъ, потомъ болталъ съ Шубинымъ и съ Сашей Горчаковымъ. — Исключая праздности, днемъ своимъ очень доволенъ. (1)", "pub_date": "1854-07-28T00:00:00Z", "author": 2, "group": null, "image": ""}}, {"model": "posts.post", "pk": 35, "fields": {"text": "Исправленіе мое идетъ прекрасно. Я чувствую, какъ отношенія мои становятся пріятны и легки съ людьми всякаго рода, съ тѣхъ поръ какъ я рѣшился быть скромнымъ и убѣдился въ томъ, что казаться всегда величественнымъ и непогрѣшнымъ вовсе не есть необходимость. Я очень веселъ. И дай Богъ, какъ мнѣ кажется, — чтобы веселье это происходило отъ самаго меня; отъ желаній всѣмъ быть пріятнымъ, скромности, необидчивости и внимательности за вспышками. — Тогда бы я всегда былъ веселъ и почти всегда счастливъ. Утромъ рѣшилъ было сидѣть дома, позаниматься, но дѣло не пошло и не утерпѣлъ вечеромъ, чтобы не пойдти пошляться.\n\nИдя отъ ужина, мы съ Тишк[евичемъ] остановились у бардели и насъ накрылъ Крыжановскій, что, признаюсь, было мнѣ не совсѣмъ пріятно. Упрекаю себя за безхарактерность, что не высидѣлъ дома, и зa праздность цѣлаго дня. Это главный пунктъ. (2)", "pub_date": "1854-07-29T00:00:00Z", "author": 2, "group": null, "image": ""}}, {"model": "posts.post", "pk": 36, "fields": {"text": "[Рымник.] Сдѣлалъ верхомъ переходъ до Рымника. [[5]] Старикъ все не кланяется мнѣ. Обѣ вещи эти злятъ меня. Съ встрѣчавшимися баши-бузуками велъ себя хорошо. Объяснился съ Крыжановскимъ. Онъ, не знаю зачѣмъ, совѣтуетъ мнѣ прикомандироваться къ казачьей батареѣ; совѣтъ, которому я не послѣдую. Желчно спорилъ вечеромъ съ Фриде и Бабарыкинымъ, ругалъ Сержпутовскому и ничего не сдѣлалъ, вотъ 3 упрека, которыя дѣлаю себѣ за нынѣшній день. (3)", "pub_date": "1854-07-30T00:00:00Z", "author": 2, "group": null, "image": ""}}, {"model": "posts.post", "pk": 37, "fields": {"text": "[Фокшаны.] Еще переходъ до Фокшанъ, во время котораго я ѣхалъ съ Монго. Человѣкъ пустой, но съ твердыми, хотя и ложными убѣжденіями. Генерал[у] по этому должно быть случаю, угодно было спрашивать о моемъ здоровьи. Свинья! К[о]вырялъ носъ и ничего не написалъ — вотъ 2 упрека за нын[ѣшній] день. Послѣдній упрекъ становится слишкомъ частъ, хотя походъ и можетъ служить въ немъ отчасти извиненіемъ. Отношенія мои съ товарищами становятся такъ пріятны, что мнѣ жалко бросить штабъ. Здоровье кажется (2) лучше. ", "pub_date": "1854-07-31T00:00:00Z", "author": 2, "group": null, "image": ""}}, {"model": "posts.post", "pk": 39, "fields": {"text": "Oops, i did it again!", "pub_date": "2022-04-25T14:43:23.431Z", "author": 3, "group": null, "image": ""}}, {"model": "posts.post", "pk": 40, "fields": {"text": "Утромъ гольдъ Дерсу Узала на повторно заданный вопросъ согласенъ ли онъ посткпить проводникомъ изъявил своё согласiе и съ этого момента онъ сталъ членом экспедицiи", "pub_date": "2022-04-25T14:47:01.342Z", "author": 3, "group": null, "image": ""}}, {"model": "posts.post", "pk": 41, "fields": {"text": "hjvjk", "pub_date": "2022-05-27T14:42:29.708Z", "author": 3, "group": null, "image": ""}}, {"model": "posts.post", "pk": 42, "fields": {"text": "Доброе утро", "pub_date": "2022-06-15T09:31:13.270Z", "author": 4, "group": null, "image": ""}}, {"model": "posts.post", "pk": 43, "fields": {"text": "Добрый вечер", "pub_date": "2022-06-15T09:47:00.155Z", "author": 4, "group": null, "image": ""}}, {"model": "posts.post", "pk": 44, "fields": {"text": "ЧЧЧ111", "pub_date": "2022-06-15T13:44:46.564Z", "author": 4, "group": null, "image": "posts/1887930070_6_1_1.jpg"}}, {"model": "posts.post", "pk": 45, "fields": {"text": "Elvis is great!", "pub_date": "2022-06-17T10:06:38.616Z", "author": 5, "group": 1, "image": ""}}, {"model": "posts.post", "pk": 46, "fields": {"text": "123456", "pub_date": "2022-06-17T10:14:31.038Z", "author": 4, "group": 1, "image": "posts/0679412251_6_1_1.jpg"}}, {"model": "posts.post", "pk": 47, "fields": {"text": "i'm the walrus!!", "pub_date": "2022-06-21T10:42:59.434Z", "author": 6, "group": null, "image": ""}}, {"model": "posts.post", "pk": 48, "fields": {"text": "Hello", "pub_date": "2022-07-08T08:22:26.726Z", "author": 6, "group": 1, "image": "posts/1277400251_6_1_1.jpg"}}, {"model": "posts.post", "pk": 49, "fields": {"text": "123", "pub_date": "2022-07-08T08:23:44.342Z", "author": 6, "group": 1, "image": ""}}, {"model": "posts.post", "pk": 50, "fields": {"text": "123", "pub_date": "2022-07-08T11:48:59.908Z", "author": 6, "group": null, "image": ""}}, {"model": "posts.post", "pk": 51, "fields": {"text": "новая запись", "pub_date": "2022-07-08T12:16:03.649Z", "author": 6, "group": null, "image": ""}}, {"model": "posts.post", "pk": 52, "fields": {"text": "z", "pub_date": "2022-07-08T12:31:26.601Z", "author": 7, "group": null, "image": ""}}, {"model": "posts.post", "pk": 53, "fields": {"text": "asdfasr", "pub_date": "2022-07-19T11:51:30.897Z", "author": 4, "group": null, "image": ""}}, {"model": "posts.post", "pk": 54, "fields": {"text": "Новая запись", "pub_date": "2022-07-27T10:17:28.115Z", "author": 6, "group": null, "image": ""}}, {"model": "posts.post", "pk": 55, "fields": {"text": "ывавы", "pub_date": "2022-08-08T14:34:00.691Z", "author": 9, "group": 1, "image": ""}}, {"model": "posts.post", "pk": 56, "fields": {"text": "gjhgkg", "pub_date": "2023-08-21T14:25:13.596Z", "author": 8, "group": null, "image": ""}}, {"model": "posts.comment", "pk": 1, "fields": {"post": 46, "author": 4, "text": "r", "created": "2022-07-14T13:45:30.330Z"}}, {"model": "posts.comment", "pk": 2, "fields": {"post": 46, "author": 4, "text": "qwe", "created": "2022-07-14T13:57:14.667Z"}}, {"model": "posts.comment", "pk": 3, "fields": {"post": 46, "author": 4, "text": "qwe", "created": "2022-07-14T13:58:39.079Z"}}, {"model": "posts.comment", "pk": 4, "fields": {"post": 46, "author": 4, "text": "qwe", "created": "2022-07-14T13:59:07.367Z"}}, {"model": "posts.comment", "pk": 5, "fields": {"post": 46, "author": 4, "text": "qwe", "created": "2022-07-14T14:00:07.948Z"}}, {"model": "posts.comment", "pk": 6, "fields": {"post": 46, "author": 4, "text": "qwe", "created": "2022-07-14T14:01:31.278Z"}}, {"model": "posts.comment", "pk": 7, "fields": {"post": 46, "author": 4, "text": "qwe", "created": "2022-07-14T14:02:08.179Z"}}, {"model": "posts.comment", "pk": 8, "fields": {"post": 46, "author": 4, "text": "qwe", "created": "2022-07-14T14:03:39.337Z"}}, {"model": "posts.comment", "pk": 9, "fields": {"post": 46, "author": 4, "text": "qwe", "created": "2022-07-14T14:04:01.554Z"}}, {"model": "posts.comment", "pk": 10, "fields": {"post": 46, "author": 4, "text": "qwe", "created": "2022-07-14T14:04:15.719Z"}}, {"model": "posts.comment", "pk": 11, "fields": {"post": 46, "author": 4, "text": "qwe", "created": "2022-07-14T14:04:59.624Z"}}, {"model": "posts.comment", "pk": 12, "fields": {"post": 46, "author": 4, "text": "qwe", "created": "2022-07-14T14:10:17.826Z"}}, {"model": "posts.comment", "pk": 13, "fields": {"post": 46, "author": 4, "text": "qwe", "created": "2022-07-14T14:10:46.713Z"}}, {"model": "posts.comment", "pk": 14, "fields": {"post": 46, "author": 4, "text": "qwe", "created": "2022-07-14T14:11:13.166Z"}}, {"model": "posts.comment", "pk": 15, "fields": {"post": 46, "author": 4, "text": "qwe", "created": "2022-07-14T14:13:52.975Z"}}, {"model": "posts.comment", "pk": 16, "fields": {"post": 46, "author": 4, "text": "qwe", "created": "2022-07-14T14:16:51.587Z"}}, {"model": "posts.comment", "pk": 17, "fields": {"post": 46, "author": 4, "text": "qwe", "created": "2022-07-14T14:17:15.343Z"}}, {"model": "posts.comment", "pk": 18, "fields": {"post": 46, "author": 4, "text": "dfg", "created": "2022-07-14T14:21:02.141Z"}}, {"model": "posts.comment", "pk": 19, "fields": {"post": 46, "author": 4, "text": "Hello", "created": "2022-07-15T09:05:44.576Z"}}, {"model": "posts.comment", "pk": 20, "fields": {"post": 46, "author": 4, "text": "qweret", "created": "2022-07-15T10:06:38.341Z"}}, {"model": "posts.comment", "pk": 21, "fields": {"post": 46, "author": 4, "text": "qweret", "created": "2022-07-15T10:07:17.344Z"}}, {"model": "posts.comment", "pk": 22, "fields": {"post": 46, "author": 4, "text": "qweret", "created": "2022-07-15T10:08:22.756Z"}}, {"model": "posts.comment", "pk": 23, "fields": {"post": 46, "author": 4, "text": "qweret", "created": "2022-07-15T10:08:56.888Z"}}, {"model": "posts.comment", "pk": 24, "fields": {"post": 46, "author": 4, "text": "qweret", "created": "2022-07-15T10:09:25.068Z"}}, {"model": "posts.comment", "pk": 25, "fields": {"post": 46, "author": 4, "text": "qweret", "created": "2022-07-15T10:10:19.895Z"}}, {"model": "posts.comment", "pk": 26, "fields": {"post": 49, "author": 4, "text": "Hello", "created": "2022-07-15T10:14:57.424Z"}}, {"model": "posts.comment", "pk": 27, "fields": {"post": 46, "author": 4, "text": "Ghbdtn", "created": "2022-07-15T10:44:48.753Z"}}, {"model": "posts.comment", "pk": 28, "fields": {"post": 46, "author": 4, "text": "Ghbdtn", "created": "2022-07-15T10:45:39.208Z"}}, {"model": "posts.comment", "pk": 29, "fields": {"post": 54, "author": 4, "text": "123", "created": "2022-07-28T11:49:48.308Z"}}, {"model": "posts.comment", "pk": 30, "fields": {"post": 55, "author": 9, "text": "комментарий", "created": "2022-08-08T14:35:07.245Z"}}, {"model": "posts.follow", "pk": 3, "fields": {"user": 6, "author": 4}}, {"model": "posts.follow", "pk": 6, "fields": {"user": 5, "author": 6}}, {"model": "posts.follow", "pk": 8, "fields": {"user": 4, "author": 6}}, {"model": "posts.follow", "pk": 9, "fields": {"user": 4, "author": 7}}, {"model": "posts.follow", "pk": 10, "fields": {"user": 4, "author": 5}}, {"model": "posts.follow", "pk": 11, "fields": {"user": 4, "author": 9}}, {"model": "sites.site", "pk": 1, "fields": {"domain": "127.0.0.1:8000", "name": "127.0.0.1:8000"}}, {"model": "flatpages.flatpage", "pk": 1, "fields": {"url": "/contacts/", "title": "Контактная информация", "content": "<p class=\"lead\">Чтобы связаться с нами пишите на\r\n<a href=\"mailto:we@yatube.com\">we@yatube.come<a></p>", "enable_comments": false, "template_name": "", "registration_required": false, "sites": [1]}}, {"model": "flatpages.flatpage", "pk": 2, "fields": {"url": "/about-author/", "title": "Об авторе", "content": "<p class=\"lead\">Эта страница об авторе</p>\r\n\r\n<p>Мой <a href=\"https://github.com/udinilya\">GitHub profile<a></p>", "enable_comments": false, "template_name": "", "registration_required": false, "sites": [1]}}, {"model": "flatpages.flatpage", "pk": 3, "fields": {"url": "/about-spec/", "title": "О технологии", "content": "При создании сайта использован язык Питон.", "enable_comments": false, "template_name": "", "registration_required": false, "sites": [1]}}, {"model": "admin.logentry", "pk": 1, "fields": {"action_time": "2022-06-07T10:40:32.716Z", "user": 3, "content_type": 4, "object_id": "1", "object_repr": "Илья", "action_flag": 1, "change_message": "[{\"added\": {}}]"}}, {"model": "admin.logentry", "pk": 2, "fields": {"action_time": "2022-06-07T10:43:33.946Z", "user": 3, "content_type": 4, "object_id": "1", "object_repr": "Илья", "action_flag": 3, "change_message": ""}}, {"model": "admin.logentry", "pk": 3, "fields": {"action_time": "2022-06-07T10:46:15.120Z", "user": 3, "content_type": 4, "object_id": "2", "object_repr": "new", "action_flag": 1, "change_message": "[{\"added\": {}}]"}}, {"model": "admin.logentry", "pk": 4, "fields": {"action_time": "2022-06-07T10:56:38.501Z", "user": 3, "content_type": 4, "object_id": "2", "object_repr": "new", "action_flag": 2, "change_message": "[]"}}, {"model": "admin.logentry", "pk": 5, "fields": {"action_time": "2022-06-07T10:56:44.007Z", "user": 3, "content_type": 4, "object_id": "2", "object_repr": "news", "action_flag": 2, "change_message": "[{\"changed\": {\"fields\": [\"Name\"]}}]"}}, {"model": "admin.logentry", "pk": 6, "fields": {"action_time": "2022-06-07T13:06:16.468Z", "user": 3, "content_type": 4, "object_id": "2", "object_repr": "news", "action_flag": 3, "change_message": ""}}, {"model": "admin.logentry", "pk": 7, "fields": {"action_time": "2022-06-08T08:51:02.435Z", "user": 3, "content_type": 9, "object_id": "1", "object_repr": "127.0.0.1:8000", "action_flag": 2, "change_message": "[{\"changed\": {\"fields\": [\"Domain name\", \"Display name\"]}}]"}}, {"model": "admin.logentry", "pk": 8, "fields": {"action_time": "2022-06-08T09:01:02.455Z", "user": 3, "content_type": 10, "object_id": "1", "object_repr": "/contacts/ -- Контактная информация", "action_flag": 1, "change_message": "[{\"added\": {}}]"}}, {"model": "admin.logentry", "pk": 9, "fields": {"action_time": "2022-06-08T09:38:42.224Z", "user": 3, "content_type": 10, "object_id": "2", "object_repr": "/about-author/ -- Об авторе", "action_flag": 1, "change_message": "[{\"added\": {}}]"}}, {"model": "admin.logentry", "pk": 10, "fields": {"action_time": "2022-06-08T09:47:59.929Z", "user": 3, "content_type": 10, "object_id": "2", "object_repr": "/about-author/ -- Об авторе", "action_flag": 2, "change_message": "[{\"changed\": {\"fields\": [\"Content\"]}}]"}}, {"model": "admin.logentry", "pk": 11, "fields": {"action_time": "2022-06-08T09:48:56.584Z", "user": 3, "content_type": 10, "object_id": "2", "object_repr": "/about-author/ -- Об авторе", "action_flag": 2, "change_message": "[{\"changed\": {\"fields\": [\"Content\"]}}]"}}, {"model": "admin.logentry", "pk": 12, "fields": {"action_time": "2022-06-08T09:49:40.819Z", "user": 3, "content_type": 10, "object_id": "2", "object_repr": "/about-author/ -- Об авторе", "action_flag": 2, "change_message": "[{\"changed\": {\"fields\": [\"Content\"]}}]"}}, {"model": "admin.logentry", "pk": 13, "fields": {"action_time": "2022-06-08T09:50:51.211Z", "user": 3, "content_type": 10, "object_id": "2", "object_repr": "/about-author/ -- Об авторе", "action_flag": 2, "change_message": "[{\"changed\": {\"fields\": [\"Content\"]}}]"}}, {"model": "admin.logentry", "pk": 14, "fields": {"action_time": "2022-06-08T09:51:13.809Z", "user": 3, "content_type": 10, "object_id": "2", "object_repr": "/about-author/ -- Об авторе", "action_flag": 2, "change_message": "[{\"changed\": {\"fields\": [\"Content\"]}}]"}}, {"model": "admin.logentry", "pk": 15, "fields": {"action_time": "2022-06-08T10:04:40.086Z", "user": 3, "content_type": 10, "object_id": "3", "object_repr": "/about-spec/ -- О технологии", "action_flag": 1, "change_message": "[{\"added\": {}}]"}}, {"model": "admin.logentry", "pk": 16, "fields": {"action_time": "2022-06-08T10:29:41.712Z", "user": 3, "content_type": 10, "object_id": "1", "object_repr": "/about/contacts/ -- Контактная информация", "action_flag": 2, "change_message": "[{\"changed\": {\"fields\": [\"URL\"]}}]"}}, {"model": "admin.logentry", "pk": 17, "fields": {"action_time": "2022-06-08T10:30:33.858Z", "user": 3, "content_type": 10, "object_id": "1", "object_repr": "/about/ -- Контактная информация", "action_flag": 2, "change_message": "[{\"changed\": {\"fields\": [\"URL\"]}}]"}}, {"model": "admin.logentry", "pk": 18, "fields": {"action_time": "2022-06-08T10:31:41.849Z", "user": 3, "content_type": 10, "object_id": "1", "object_repr": "/contacts/ -- Контактная информация", "action_flag": 2, "change_message": "[{\"changed\": {\"fields\": [\"URL\"]}}]"}}, {"model": "admin.logentry", "pk": 19, "fields": {"action_time": "2022-06-08T10:33:57.049Z", "user": 3, "content_type": 10, "object_id": "1", "object_repr": "/contacts/ -- Контактная информация", "action_flag": 2, "change_message": "[]"}}, {"model": "admin.logentry", "pk": 20, "fields": {"action_time": "2022-06-15T09:31:13.274Z", "user": 3, "content_type": 1, "object_id": "42", "object_repr": "Доброе утро", "action_flag": 1, "change_message": "[{\"added\": {}}]"}}, {"model": "admin.logentry", "pk": 21, "fields": {"action_time": "2022-07-04T09:34:34.571Z", "user": 3, "content_type": 4, "object_id": "3", "object_repr": "family", "action_flag": 1, "change_message": "[{\"added\": {}}]"}}, {"model": "admin.logentry", "pk": 22, "fields": {"action_time": "2022-07-04T09:34:51.821Z", "user": 3, "content_type": 5, "object_id": "4", "object_repr": "udin76@mail.ru", "action_flag": 2, "change_message": "[]"}}, {"model": "admin.logentry", "pk": 23, "fields": {"action_time": "2022-07-04T09:35:31.881Z", "user": 3, "content_type": 5, "object_id": "4", "object_repr": "udin76@mail.ru", "action_flag": 2, "change_message": "[{\"changed\": {\"fields\": [\"Groups\"]}}]"}}, {"model": "admin.logentry", "pk": 24, "fields": {"action_time": "2022-07-04T09:44:59.820Z", "user": 3, "content_type": 5, "object_id": "4", "object_repr": "udin76@mail.ru", "action_flag": 2, "change_message": "[{\"changed\": {\"fields\": [\"User permissions\"]}}]"}}, {"model": "admin.logentry", "pk": 25, "fields": {"action_time": "2022-07-04T09:59:47.776Z", "user": 3, "content_type": 8, "object_id": "1", "object_repr": "Family", "action_flag": 1, "change_message": "[{\"added\": {}}]"}}, {"model": "admin.logentry", "pk": 26, "fields": {"action_time": "2022-07-04T10:10:30.303Z", "user": 3, "content_type": 1, "object_id": "46", "object_repr": "123456", "action_flag": 2, "change_message": "[{\"changed\": {\"fields\": [\"Group\"]}}]"}}, {"model": "admin.logentry", "pk": 27, "fields": {"action_time": "2022-07-26T16:14:54.847Z", "user": 3, "content_type": 13, "object_id": "2", "object_repr": "Follow object (2)", "action_flag": 3, "change_message": ""}}, {"model": "auth.permission", "pk": 1, "fields": {"name": "Can add post", "content_type": 1, "codename": "add_post"}}, {"model": "auth.permission", "pk": 2, "fields": {"name": "Can change post", "content_type": 1, "codename": "change_post"}}, {"model": "auth.permission", "pk": 3, "fields": {"name": "Can delete post", "content_type": 1, "codename": "delete_post"}}, {"model": "auth.permission", "pk": 4, "fields": {"name": "Can view post", "content_type": 1, "codename": "view_post"}}, {"model": "auth.permission", "pk": 5, "fields": {"name": "Can add log entry", "content_type": 2, "codename": "add_logentry"}}, {"model": "auth.permission", "pk": 6, "fields": {"name": "Can change log entry", "content_type": 2, "codename": "change_logentry"}}, {"model": "auth.permission", "pk": 7, "fields": {"name": "Can delete log entry", "content_type": 2, "codename": "delete_logentry"}}, {"model": "auth.permission", "pk": 8, "fields": {"name": "Can view log entry", "content_type": 2, "codename": "view_logentry"}}, {"model": "auth.permission", "pk": 9, "fields": {"name": "Can add permission", "content_type": 3, "codename": "add_permission"}}, {"model": "auth.permission", "pk": 10, "fields": {"name": "Can change permission", "content_type": 3, "codename": "change_permission"}}, {"model": "auth.permission", "pk": 11, "fields": {"name": "Can delete permission", "content_type": 3, "codename": "delete_permission"}}, {"model": "auth.permission", "pk": 12, "fields": {"name": "Can view permission", "content_type": 3, "codename": "view_permission"}}, {"model": "auth.permission", "pk": 13, "fields": {"name": "Can add group", "content_type": 4, "codename": "add_group"}}, {"model": "auth.permission", "pk": 14, "fields": {"name": "Can change group", "content_type": 4, "codename": "change_group"}}, {"model": "auth.permission", "pk": 15, "fields": {"name": "Can delete group", "content_type": 4, "codename": "delete_group"}}, {"model": "auth.permission", "pk": 16, "fields": {"name": "Can view group", "content_type": 4, "codename": "view_group"}}, {"model": "auth.permission", "pk": 17, "fields": {"name": "Can add user", "content_type": 5, "codename": "add_user"}}, {"model": "auth.permission", "pk": 18, "fields": {"name": "Can change user", "content_type": 5, "codename": "change_user"}}, {"model": "auth.permission", "pk": 19, "fields": {"name": "Can delete user", "content_type": 5, "codename": "delete_user"}}, {"model": "auth.permission", "pk": 20, "fields": {"name": "Can view user", "content_type": 5, "codename": "view_user"}}, {"model": "auth.permission", "pk": 21, "fields": {"name": "Can add content type", "content_type": 6, "codename": "add_contenttype"}}, {"model": "auth.permission", "pk": 22, "fields": {"name": "Can change content type", "content_type": 6, "codename": "change_contenttype"}}, {"model": "auth.permission", "pk": 23, "fields": {"name": "Can delete content type", "content_type": 6, "codename": "delete_contenttype"}}, {"model": "auth.permission", "pk": 24, "fields": {"name": "Can view content type", "content_type": 6, "codename": "view_contenttype"}}, {"model": "auth.permission", "pk": 25, "fields": {"name": "Can add session", "content_type": 7, "codename": "add_session"}}, {"model": "auth.permission", "pk": 26, "fields": {"name": "Can change session", "content_type": 7, "codename": "change_session"}}, {"model": "auth.permission", "pk": 27, "fields": {"name": "Can delete session", "content_type": 7, "codename": "delete_session"}}, {"model": "auth.permission", "pk": 28, "fields": {"name": "Can view session", "content_type": 7, "codename": "view_session"}}, {"model": "auth.permission", "pk": 29, "fields": {"name": "Can add group", "content_type": 8, "codename": "add_group"}}, {"model": "auth.permission", "pk": 30, "fields": {"name": "Can change group", "content_type": 8, "codename": "change_group"}}, {"model": "auth.permission", "pk": 31, "fields": {"name": "Can delete group", "content_type": 8, "codename": "delete_group"}}, {"model": "auth.permission", "pk": 32, "fields": {"name": "Can view group", "content_type": 8, "codename": "view_group"}}, {"model": "auth.permission", "pk": 33, "fields": {"name": "Can add site", "content_type": 9, "codename": "add_site"}}, {"model": "auth.permission", "pk": 34, "fields": {"name": "Can change site", "content_type": 9, "codename": "change_site"}}, {"model": "auth.permission", "pk": 35, "fields": {"name": "Can delete site", "content_type": 9, "codename": "delete_site"}}, {"model": "auth.permission", "pk": 36, "fields": {"name": "Can view site", "content_type": 9, "codename": "view_site"}}, {"model": "auth.permission", "pk": 37, "fields": {"name": "Can add flat page", "content_type": 10, "codename": "add_flatpage"}}, {"model": "auth.permission", "pk": 38, "fields": {"name": "Can change flat page", "content_type": 10, "codename": "change_flatpage"}}, {"model": "auth.permission", "pk": 39, "fields": {"name": "Can delete flat page", "content_type": 10, "codename": "delete_flatpage"}}, {"model": "auth.permission", "pk": 40, "fields": {"name": "Can view flat page", "content_type": 10, "codename": "view_flatpage"}}, {"model": "auth.permission", "pk": 41, "fields": {"name": "Can add kv store", "content_type": 11, "codename": "add_kvstore"}}, {"model": "auth.permission", "pk": 42, "fields": {"name": "Can change kv store", "content_type": 11, "codename": "change_kvstore"}}, {"model": "auth.permission", "pk": 43, "fields": {"name": "Can delete kv store", "content_type": 11, "codename": "delete_kvstore"}}, {"model": "auth.permission", "pk": 44, "fields": {"name": "Can view kv store", "content_type": 11, "codename": "view_kvstore"}}, {"model": "auth.permission", "pk": 45, "fields": {"name": "Can add comment", "content_type": 12, "codename": "add_comment"}}, {"model": "auth.permission", "pk": 46, "fields": {"name": "Can change comment", "content_type": 12, "codename": "change_comment"}}, {"model": "auth.permission", "pk": 47, "fields": {"name": "Can delete comment", "content_type": 12, "codename": "delete_comment"}}, {"model": "auth.permission", "pk": 48, "fields": {"name": "Can view comment", "content_type": 12, "codename": "view_comment"}}, {"model": "auth.permission", "pk": 49, "fields": {"name": "Can add follow", "content_type": 13, "codename": "add_follow"}}, {"model": "auth.permission", "pk": 50, "fields": {"name": "Can change follow", "content_type": 13, "codename": "change_follow"}}, {"model": "auth.permission", "pk": 51, "fields": {"name": "Can delete follow", "content_type": 13, "codename": "delete_follow"}}, {"model": "auth.permission", "pk": 52, "fields": {"name": "Can view follow", "content_type": 13, "codename": "view_follow"}}, {"model": "auth.group", "pk": 3, "fields": {"name": "family", "permissions": [5, 6, 7, 8, 13, 14, 15, 16, 9, 10, 11, 12, 17, 18, 19, 20, 21, 22, 23, 24, 37, 38, 39, 40, 29, 30, 31, 32, 1, 2, 3, 4, 25, 26, 27, 28, 33, 34, 35, 36, 41, 42, 43, 44]}}, {"model": "auth.user", "pk": 2, "fields": {"password": "august", "last_login": null, "is_superuser": false, "username": "leo", "first_name": "Лев", "last_name": "Толстой", "email": "ln@yasnaya.polyana", "is_staff": false, "is_active": true, "date_joined": "2019-10-05T21:37:36.487Z", "groups": [], "user_permissions": []}}, {"model": "auth.user", "pk": 3, "fields": {"password": "pbkdf2_sha256$320000$jaBpZQVkzf6MNVIz12mOxg$homHjPVjhUS2Cq89NyTHHBoS1uC45vt80m3oQFYMA/I=", "last_login": "2023-08-22T09:40:33.477Z", "is_superuser": true, "username": "admin", "first_name": "", "last_name": "", "email": "admin@admin.com", "is_staff": true, "is_active": true, "date_joined": "2022-04-15T14:17:16.137Z", "groups": [], "user_permissions": []}}, {"model": "auth.user", "pk": 4, "fields": {"password": "pbkdf2_sha256$320000$DW5xnxKeDU41kIFC68wjUW$Ab86UKnFhCoGgUNPBO+/xNuqu9dOwfTnQtA6U/iGf2U=", "last_login": "2022-08-22T11:24:57.007Z", "is_superuser": false, "username": "udin76@mail.ru", "first_name": "СВЕТЛАНА", "last_name": "Н.", "email": "udin76@mail.ru", "is_staff": false, "is_active": true, "date_joined": "2022-05-13T09:29:53Z", "groups": [3], "user_permissions": [5, 6, 7, 8, 13, 14, 15, 16, 9, 10, 11, 12, 17, 18, 19, 20, 21, 22, 23, 24, 37, 38, 39, 40, 29, 30, 31, 32, 1, 2, 3, 4, 25, 26, 27, 28, 33, 34, 35, 36, 41, 42, 43, 44]}}, {"model": "auth.user", "pk": 5, "fields": {"password": "pbkdf2_sha256$320000$dFP1s9KyUwfNdlS33gCuwa$mU6lIY1CRZELg6xA7WnSZbP9bQhAoWU4w3u3c2fJv+E=", "last_login": "2022-08-08T14:20:31.311Z", "is_superuser": false, "username": "Elvis", "first_name": "Elvis", "last_name": "Presley", "email": "Elvis@mail.ru", "is_staff": false, "is_active": true, "date_joined": "2022-06-17T10:06:13.384Z", "groups": [], "user_permissions": []}}, {"model": "auth.user", "pk": 6, "fields": {"password": "pbkdf2_sha256$320000$ANPmUa6KEJye8lUqkWBRoj$Q8L7BITqqlXtloMEK5qqOp+ToerlVaZ6bPm9WB1CnIs=", "last_login": "2023-08-22T15:12:34.810Z", "is_superuser": false, "username": "John", "first_name": "John", "last_name": "Lennon", "email": "111@1.ru", "is_staff": false, "is_active": true, "date_joined": "2022-06-21T08:34:23.539Z", "groups": [], "user_permissions": []}}, {"model": "auth.user", "pk": 7, "fields": {"password": "pbkdf2_sha256$320000$jnLv4lELSlsr4AHHoVHEWK$kA+03Er+GOTbbFEpm2Z8S+8aXDkvCu13np1VSLkCTgk=", "last_login": "2022-07-08T12:31:15.338Z", "is_superuser": false, "username": "me", "first_name": "я", "last_name": "", "email": "", "is_staff": false, "is_active": true, "date_joined": "2022-07-08T12:31:08.811Z", "groups": [], "user_permissions": []}}, {"model": "auth.user", "pk": 8, "fields": {"password": "pbkdf2_sha256$320000$kKXRsdH0YS2D6HwL3QGVAl$g0gak7utu/lOOrS4vrRP7LWKH0lwyDJAcG30lVz4Qcs=", "last_login": "2023-08-22T15:11:38.995Z", "is_superuser": false, "username": "ilya", "first_name": "", "last_name": "", "email": "", "is_staff": false, "is_active": true, "date_joined": "2022-08-08T14:28:05.125Z", "groups": [], "user_permissions": []}}, {"model": "auth.user", "pk": 9, "fields": {"password": "pbkdf2_sha256$320000$zg55ycRjT38pYZQ7wQl52n$xexUG1hFG62GHJR5mAeb1x5B9g5D6mS6koVWmvztg0c=", "last_login": "2022-08-08T14:33:11.610Z", "is_superuser": false, "username": "lightningseas", "first_name": "Sergey", "last_name": "Yudin", "email": "", "is_staff": false, "is_active": true, "date_joined": "2022-08-08T14:33:06.264Z", "groups": [], "user_permissions": []}}, {"model": "contenttypes.contenttype", "pk": 1, "fields": {"app_label": "posts", "model": "post"}}, {"model": "contenttypes.contenttype", "pk": 2, "fields": {"app_label": "admin", "model": "logentry"}}, {"model": "contenttypes.contenttype", "pk": 3, "fields": {"app_label": "auth", "model": "permission"}}, {"model": "contenttypes.contenttype", "pk": 4, "fields": {"app_label": "auth", "model": "group"}}, {"model": "contenttypes.contenttype", "pk": 5, "fields": {"app_label": "auth", "model": "user"}}, {"model": "contenttypes.contenttype", "pk": 6, "fields": {"app_label": "contenttypes", "model": "contenttype"}}, {"model": "contenttypes.contenttype", "pk": 7, "fields": {"app_label": "sessions", "model": "session"}}, {"model": "contenttypes.contenttype", "pk": 8, "fields": {"app_label": "posts", "model": "group"}}, {"model": "contenttypes.contenttype", "pk": 9, "fields": {"app_label": "sites", "model": "site"}}, {"model": "contenttypes.contenttype", "pk": 10, "fields": {"app_label": "flatpages", "model": "flatpage"}}, {"model": "contenttypes.contenttype", "pk": 11, "fields": {"app_label": "thumbnail", "model": "kvstore"}}, {"model": "contenttypes.contenttype", "pk": 12, "fields": {"app_label": "posts", "model": "comment"}}, {"model": "contenttypes.contenttype", "pk": 13, "fields": {"app_label": "posts", "model": "follow"}}, {"model": "sessions.session", "pk": "6ep8kgekb40vfzclat5rs0b9ad0zz958", "fields": {"session_data": ".eJxVjEEOwiAURO_C2hDglwIu3fcMBPh8qRpISrsy3t026UJnOe_NvJkP21r81vPiZ2RXNrDLbxdDeuZ6AHyEem88tbouc-SHwk_a-dQwv26n-3dQQi_7GhzZPNqoM42E0qFWEhGNVSrGICgZK6MhgTppN4AA0KBJJQp7wCT2-QL9XDiX:1oLKyR:gury3u4brkHrAeQHWShDhLLwZ4K3bo5aUHLUJ32NBAU", "expire_date": "2022-08-23T08:52:27.282Z"}}, {"model": "sessions.session", "pk": "9z5j83lu846ja3aacosibt7jp0avscmu", "fields": {"session_data": ".eJxVjDsOwjAQBe_iGln-kjUlfc5g2btrHECOFCcV4u4QKQW0b2beS8S0rTVunZc4kbgIK06_W0744LYDuqd2myXObV2mLHdFHrTLcSZ-Xg_376CmXr91UB4ysAZHVAJYQoOGNJzBYIGUs0WlNXFRPAwJQ8jOBfbeWURQzon3B-_kOBM:1nuEjq:6XQoSJ5EeoajEoQt2-QsBLWa52iQfxk-1OnW30KOHpY", "expire_date": "2022-06-09T14:45:22.066Z"}}, {"model": "sessions.session", "pk": "a09y2fvcw24c8bwlrwds5usgtgfy41ub", "fields": {"session_data": ".eJxVjDsOwjAQBe_iGlm2s_4sJT1nsOzdDQkgR8qnQtwdIqWA9s3Me6lctnXI2yJzHlmdFarT71YLPaTtgO-l3SZNU1vnsepd0Qdd9HVieV4O9-9gKMvwrVN1lDpMRQJ0tdqEaKxl7qH3ICYERy46jAQBUAwDee86iSBCSCaq9wfS8Ddf:1oL3od:E-QEUVLN_L3XwIVmi7_OWE3eQHuF4Zqu_dIq6JbkOUQ", "expire_date": "2022-08-22T14:33:11.612Z"}}, {"model": "sessions.session", "pk": "ato0m5lc3spy8mmch26je2xb7euy0zv8", "fields": {"session_data": "NjJhNWI0NTVlYzY3MjM2ZDE5Yjg4YzY1MWUzYWFjZDVjNjA5NzY0Zjp7Il9hdXRoX3VzZXJfaWQiOiIxIiwiX2F1dGhfdXNlcl9iYWNrZW5kIjoiZGphbmdvLmNvbnRyaWIuYXV0aC5iYWNrZW5kcy5Nb2RlbEJhY2tlbmQiLCJfYXV0aF91c2VyX2hhc2giOiI1ZjEyMzk4OWFhN2VlODQ5MDNiMmUyYmUxNGE5MjU2MjJiNGJhYzI4In0=", "expire_date": "2019-10-15T14:42:37.187Z"}}, {"model": "sessions.session", "pk": "d7o4012fqyjui6sbtqkff2sytco6qa70", "fields": {"session_data": ".eJxVjDsOwjAQBe_iGln-kjUlfc5g2btrHECOFCcV4u4QKQW0b2beS8S0rTVunZc4kbgIK06_W0744LYDuqd2myXObV2mLHdFHrTLcSZ-Xg_376CmXr91UB4ysAZHVAJYQoOGNJzBYIGUs0WlNXFRPAwJQ8jOBfbeWURQzon3B-_kOBM:1nj0wh:ULUETBiqZWuWcg5E-0zqN3Ns8Afxk-rtdVToObhfPSI", "expire_date": "2022-05-09T15:48:15.248Z"}}, {"model": "sessions.session", "pk": "gpw1svih0a1onsqj3ehg7v5y4jir6xc1", "fields": {"session_data": ".eJxVjEEOwiAQAP_C2RBgF4oevfsGsrAgVUOT0p6MfzckPeh1ZjJvEWjfath7XsPM4iKcOP2ySOmZ2xD8oHZfZFrats5RjkQetsvbwvl1Pdq_QaVex1Y7yKRjgbPVhMiA3mvMichYpzWoCSApLMqbiY1DIPAlF-uQEQnE5wu_FTbS:1qYT3a:o_zlIYaFRjtffg-M21xL93LRB5Z4p_X5k3_ylLIt33M", "expire_date": "2023-09-05T15:12:34.838Z"}}, {"model": "sessions.session", "pk": "tfagzr46htakz2hoepjuxpi3zkoz8s8u", "fields": {"session_data": ".eJxVjMsOwiAQRf-FtSE8Oggu3fcbmoEZpGogKe3K-O_apAvd3nPOfYkJt7VMW-dlmklchBWn3y1ienDdAd2x3ppMra7LHOWuyIN2OTbi5_Vw_w4K9vKtGa3JLiUyRBZpMEEPnoOybB1ByhzPEJ1SFLJ2EAnQuwDGZ0iknFbi_QED9zg0:1nfMlg:3maIK5o-0WRuPKGrylTCMNUZrNZaQZu6ZdX39vAhu08", "expire_date": "2022-04-29T14:17:48.207Z"}}, {"model": "thumbnail.kvstore", "pk": "sorl-thumbnail||image||17bc8694d3d9a9cffe30ad32c677f31f", "fields": {"value": "{\"name\": \"posts/1887930070_6_1_1.jpg\", \"storage\": \"django.core.files.storage.FileSystemStorage\", \"size\": [375, 563]}"}}, {"model": "thumbnail.kvstore", "pk": "sorl-thumbnail||image||1e312ff2646f59311d628e3dbc8ee29a", "fields": {"value": "{\"name\": \"yatube/1887930070_6_1_1.jpg\", \"storage\": \"django.core.files.storage.FileSystemStorage\", \"size\": [375, 563]}"}}, {"model": "thumbnail.kvstore", "pk": "sorl-thumbnail||image||2a15e935e67ab77eba25b9abe2713e1c", "fields": {"value": "{\"name\": \"cache/a6/4c/a64cf4b825cd7cff496953fae26bcb7e.jpg\", \"storage\": \"django.core.files.storage.FileSystemStorage\", \"size\": [960, 339]}"}}, {"model": "thumbnail.kvstore", "pk": "sorl-thumbnail||image||51d417c4e31b411fd4e8da37a1459107", "fields": {"value": "{\"name\": \"posts/0679412251_6_1_1.jpg\", \"storage\": \"django.core.files.storage.FileSystemStorage\", \"size\": [375, 563]}"}}, {"model": "thumbnail.kvstore", "pk": "sorl-thumbnail||image||672dbb7f97fc6a6bfad66a2adfdffe04", "fields": {"value": "{\"name\": \"posts/1277400251_6_1_1.jpg\", \"storage\": \"django.core.files.storage.FileSystemStorage\", \"size\": [375, 563]}"}}, {"model": "thumbnail.kvstore", "pk": "sorl-thumbnail||image||9c0d39206f415b59a81d59d570a1a3f5", "fields": {"value": "{\"name\": \"cache/6e/84/6e84e2d1b87a86e681a3f648618afa18.jpg\", \"storage\": \"django.core.files.storage.FileSystemStorage\", \"size\": [960, 339]}"}}, {"model": "thumbnail.kvstore", "pk": "sorl-thumbnail||image||b3775b797cb6fa780393e7ee279cb0f4", "fields": {"value": "{\"name\": \"cache/3c/ca/3cca48a57077db97bc333c76e797a625.jpg\", \"storage\": \"django.core.files.storage.FileSystemStorage\", \"size\": [960, 339]}"}}, {"model": "thumbnail.kvstore", "pk": "sorl-thumbnail||image||d4f6fbdd0fd7715c68b8425314def375", "fields": {"value": "{\"name\": \"cache/38/52/38520b315de3180f77318bef9d3f790d.jpg\", \"storage\": \"django.core.files.storage.FileSystemStorage\", \"size\": [960, 339]}"}}, {"model": "thumbnail.kvstore", "pk": "sorl-thumbnail||thumbnails||17bc8694d3d9a9cffe30ad32c677f31f", "fields": {"value": "[\"b3775b797cb6fa780393e7ee279cb0f4\"]"}}, {"model": "thumbnail.kvstore", "pk": "sorl-thumbnail||thumbnails||1e312ff2646f59311d628e3dbc8ee29a", "fields": {"value": "[\"9c0d39206f415b59a81d59d570a1a3f5\"]"}}, {"model": "thumbnail.kvstore", "pk": "sorl-thumbnail||thumbnails||51d417c4e31b411fd4e8da37a1459107", "fields": {"value": "[\"2a15e935e67ab77eba25b9abe2713e1c\"]"}}, {"model": "thumbnail.kvstore", "pk": "sorl-thumbnail||thumbnails||672dbb7f97fc6a6bfad66a2adfdffe04", "fields": {"value": "[\"d4f6fbdd0fd7715c68b8425314def375\"]"}}]